run_name,metric,step,value
dna-bolinas-scaling-v0.5-h1152-p255M,eval/loss,0,2.4481770992279053
dna-bolinas-scaling-v0.5-h1152-p255M,eval/loss,6736,1.215986728668213
dna-bolinas-scaling-v0.5-h1152-p255M,eval/loss,13472,1.1950479745864868
dna-bolinas-scaling-v0.5-h1152-p255M,eval/loss,20208,1.1763776540756226
dna-bolinas-scaling-v0.5-h1152-p255M,eval/loss,26944,1.1443336009979248
dna-bolinas-scaling-v0.5-h1152-p255M,eval/loss,33680,1.1124637126922607
dna-bolinas-scaling-v0.5-h1152-p255M,eval/loss,40416,1.07948899269104
dna-bolinas-scaling-v0.5-h1152-p255M,eval/loss,47152,1.0541043281555176
dna-bolinas-scaling-v0.5-h1152-p255M,eval/loss,53888,1.0354058742523193
dna-bolinas-scaling-v0.5-h1152-p255M,eval/loss,60624,1.0218764543533325
dna-bolinas-scaling-v0.5-h1152-p255M,eval/loss,67360,1.0098849534988403
dna-bolinas-scaling-v0.5-h1152-p255M,eval/loss,74096,0.9977655410766602
dna-bolinas-scaling-v0.5-h1152-p255M,eval/loss,80832,0.9869370460510254
dna-bolinas-scaling-v0.5-h1152-p255M,eval/loss,87568,0.9810388088226318
dna-bolinas-scaling-v0.5-h1152-p255M,eval/loss,94304,0.9684449434280396
dna-bolinas-scaling-v0.5-h1152-p255M,eval/loss,101040,0.9662666916847229
dna-bolinas-scaling-v0.5-h1152-p255M,eval/loss,107776,0.9595314860343933
dna-bolinas-scaling-v0.5-h1152-p255M,eval/loss,114512,0.9547163248062134
dna-bolinas-scaling-v0.5-h1152-p255M,eval/loss,121248,0.9481467008590698
dna-bolinas-scaling-v0.5-h1152-p255M,eval/loss,127984,0.9431596994400024
dna-bolinas-scaling-v0.5-h1152-p255M,eval/loss,134720,0.9381481409072876
dna-bolinas-scaling-v0.5-h1152-p255M,eval/loss,141456,0.9382370114326477
dna-bolinas-scaling-v0.5-h1152-p255M,eval/loss,148192,0.9324366450309753
dna-bolinas-scaling-v0.5-h1152-p255M,eval/loss,154928,0.9293643832206726
dna-bolinas-scaling-v0.5-h1152-p255M,eval/loss,161664,0.9259084463119507
dna-bolinas-scaling-v0.5-h1152-p255M,eval/loss,168400,0.9229255318641663
dna-bolinas-scaling-v0.5-h1152-p255M,eval/loss,175136,0.9152743816375732
dna-bolinas-scaling-v0.5-h1152-p255M,eval/loss,181872,0.9041332602500916
dna-bolinas-scaling-v0.5-h1152-p255M,eval/loss,188608,0.8921106457710266
dna-bolinas-scaling-v0.5-h1152-p255M,eval/loss,195344,0.8818599581718445
dna-bolinas-scaling-v0.5-h1152-p255M,eval/loss,202080,0.8692453503608704
dna-bolinas-scaling-v0.5-h1152-p255M,eval/loss,208816,0.8602317571640015
dna-bolinas-scaling-v0.5-h1152-p255M,eval/loss,215552,0.8546087145805359
dna-bolinas-scaling-v0.5-h1152-p255M,eval/loss,215573,0.8545992374420166
dna-bolinas-scaling-v0.5-h1152-p255M,train/loss,0,2.553685188293457
dna-bolinas-scaling-v0.5-h1152-p255M,train/loss,6736,1.3067995309829712
dna-bolinas-scaling-v0.5-h1152-p255M,train/loss,13472,1.2886245250701904
dna-bolinas-scaling-v0.5-h1152-p255M,train/loss,20208,1.2787837982177734
dna-bolinas-scaling-v0.5-h1152-p255M,train/loss,26944,1.2671761512756348
dna-bolinas-scaling-v0.5-h1152-p255M,train/loss,33680,1.2521780729293823
dna-bolinas-scaling-v0.5-h1152-p255M,train/loss,40416,1.2437580823898315
dna-bolinas-scaling-v0.5-h1152-p255M,train/loss,47152,1.2324117422103882
dna-bolinas-scaling-v0.5-h1152-p255M,train/loss,53888,1.2169121503829956
dna-bolinas-scaling-v0.5-h1152-p255M,train/loss,60624,1.2047646045684814
dna-bolinas-scaling-v0.5-h1152-p255M,train/loss,67360,1.2201699018478394
dna-bolinas-scaling-v0.5-h1152-p255M,train/loss,74096,1.2059730291366577
dna-bolinas-scaling-v0.5-h1152-p255M,train/loss,80832,1.208188772201538
dna-bolinas-scaling-v0.5-h1152-p255M,train/loss,87568,1.2009042501449585
dna-bolinas-scaling-v0.5-h1152-p255M,train/loss,94304,1.2041476964950562
dna-bolinas-scaling-v0.5-h1152-p255M,train/loss,101040,1.1965999603271484
dna-bolinas-scaling-v0.5-h1152-p255M,train/loss,107776,1.1956948041915894
dna-bolinas-scaling-v0.5-h1152-p255M,train/loss,114512,1.1859116554260254
dna-bolinas-scaling-v0.5-h1152-p255M,train/loss,121248,1.1951985359191895
dna-bolinas-scaling-v0.5-h1152-p255M,train/loss,127984,1.1828466653823853
dna-bolinas-scaling-v0.5-h1152-p255M,train/loss,134720,1.1827778816223145
dna-bolinas-scaling-v0.5-h1152-p255M,train/loss,141456,1.186486005783081
dna-bolinas-scaling-v0.5-h1152-p255M,train/loss,148192,1.191188931465149
dna-bolinas-scaling-v0.5-h1152-p255M,train/loss,154928,1.1819846630096436
dna-bolinas-scaling-v0.5-h1152-p255M,train/loss,161664,1.180077075958252
dna-bolinas-scaling-v0.5-h1152-p255M,train/loss,168400,1.185258388519287
dna-bolinas-scaling-v0.5-h1152-p255M,train/loss,175136,1.1788092851638794
dna-bolinas-scaling-v0.5-h1152-p255M,train/loss,181872,1.181225061416626
dna-bolinas-scaling-v0.5-h1152-p255M,train/loss,188608,1.1574244499206543
dna-bolinas-scaling-v0.5-h1152-p255M,train/loss,195344,1.1544280052185059
dna-bolinas-scaling-v0.5-h1152-p255M,train/loss,202080,1.1613342761993408
dna-bolinas-scaling-v0.5-h1152-p255M,train/loss,208816,1.147570252418518
dna-bolinas-scaling-v0.5-h1152-p255M,train/loss,215552,1.138391375541687
dna-bolinas-scaling-v0.5-h1152-p255M,train/loss,215573,1.147774577140808
dna-bolinas-scaling-v0.5-h1408-p476M,eval/loss,0,2.2170112133026123
dna-bolinas-scaling-v0.5-h1408-p476M,eval/loss,6736,1.2147042751312256
dna-bolinas-scaling-v0.5-h1408-p476M,eval/loss,13472,1.1891987323760986
dna-bolinas-scaling-v0.5-h1408-p476M,eval/loss,20208,1.1588107347488403
dna-bolinas-scaling-v0.5-h1408-p476M,eval/loss,26944,1.106394648551941
dna-bolinas-scaling-v0.5-h1408-p476M,eval/loss,33680,1.0599948167800903
dna-bolinas-scaling-v0.5-h1408-p476M,eval/loss,40416,1.022480845451355
dna-bolinas-scaling-v0.5-h1408-p476M,eval/loss,47152,0.9940299987792969
dna-bolinas-scaling-v0.5-h1408-p476M,eval/loss,53888,0.9740031957626343
dna-bolinas-scaling-v0.5-h1408-p476M,eval/loss,60624,0.9594104886054993
dna-bolinas-scaling-v0.5-h1408-p476M,eval/loss,67360,0.9444283843040466
dna-bolinas-scaling-v0.5-h1408-p476M,eval/loss,74096,0.9315812587738037
dna-bolinas-scaling-v0.5-h1408-p476M,eval/loss,80832,0.9189894795417786
dna-bolinas-scaling-v0.5-h1408-p476M,eval/loss,87568,0.9103560447692871
dna-bolinas-scaling-v0.5-h1408-p476M,eval/loss,94304,0.9015249013900757
dna-bolinas-scaling-v0.5-h1408-p476M,eval/loss,101040,0.8988082408905029
dna-bolinas-scaling-v0.5-h1408-p476M,eval/loss,107776,0.8927343487739563
dna-bolinas-scaling-v0.5-h1408-p476M,eval/loss,114512,0.886493980884552
dna-bolinas-scaling-v0.5-h1408-p476M,eval/loss,121248,0.8811478018760681
dna-bolinas-scaling-v0.5-h1408-p476M,eval/loss,127984,0.8748824596405029
dna-bolinas-scaling-v0.5-h1408-p476M,eval/loss,134720,0.8709275126457214
dna-bolinas-scaling-v0.5-h1408-p476M,eval/loss,141456,0.8686176538467407
dna-bolinas-scaling-v0.5-h1408-p476M,eval/loss,148192,0.865475058555603
dna-bolinas-scaling-v0.5-h1408-p476M,eval/loss,154928,0.862144410610199
dna-bolinas-scaling-v0.5-h1408-p476M,eval/loss,161664,0.8580561876296997
dna-bolinas-scaling-v0.5-h1408-p476M,eval/loss,168400,0.8546086549758911
dna-bolinas-scaling-v0.5-h1408-p476M,eval/loss,175136,0.847779393196106
dna-bolinas-scaling-v0.5-h1408-p476M,eval/loss,181872,0.8362693190574646
dna-bolinas-scaling-v0.5-h1408-p476M,eval/loss,188608,0.8215832710266113
dna-bolinas-scaling-v0.5-h1408-p476M,eval/loss,195344,0.8090119957923889
dna-bolinas-scaling-v0.5-h1408-p476M,eval/loss,202080,0.796061098575592
dna-bolinas-scaling-v0.5-h1408-p476M,eval/loss,208816,0.7856889963150024
dna-bolinas-scaling-v0.5-h1408-p476M,eval/loss,215552,0.7795902490615845
dna-bolinas-scaling-v0.5-h1408-p476M,eval/loss,215573,0.7795760035514832
dna-bolinas-scaling-v0.5-h1408-p476M,train/loss,0,2.396491527557373
dna-bolinas-scaling-v0.5-h1408-p476M,train/loss,6736,1.3053622245788574
dna-bolinas-scaling-v0.5-h1408-p476M,train/loss,13472,1.284888505935669
dna-bolinas-scaling-v0.5-h1408-p476M,train/loss,20208,1.2700200080871582
dna-bolinas-scaling-v0.5-h1408-p476M,train/loss,26944,1.2509219646453857
dna-bolinas-scaling-v0.5-h1408-p476M,train/loss,33680,1.2300074100494385
dna-bolinas-scaling-v0.5-h1408-p476M,train/loss,40416,1.2213245630264282
dna-bolinas-scaling-v0.5-h1408-p476M,train/loss,47152,1.2074840068817139
dna-bolinas-scaling-v0.5-h1408-p476M,train/loss,53888,1.1910005807876587
dna-bolinas-scaling-v0.5-h1408-p476M,train/loss,60624,1.1766877174377441
dna-bolinas-scaling-v0.5-h1408-p476M,train/loss,67360,1.1952921152114868
dna-bolinas-scaling-v0.5-h1408-p476M,train/loss,74096,1.1770062446594238
dna-bolinas-scaling-v0.5-h1408-p476M,train/loss,80832,1.1796146631240845
dna-bolinas-scaling-v0.5-h1408-p476M,train/loss,87568,1.172041893005371
dna-bolinas-scaling-v0.5-h1408-p476M,train/loss,94304,1.1756292581558228
dna-bolinas-scaling-v0.5-h1408-p476M,train/loss,101040,1.1682183742523193
dna-bolinas-scaling-v0.5-h1408-p476M,train/loss,107776,1.1668002605438232
dna-bolinas-scaling-v0.5-h1408-p476M,train/loss,114512,1.1568087339401245
dna-bolinas-scaling-v0.5-h1408-p476M,train/loss,121248,1.1657445430755615
dna-bolinas-scaling-v0.5-h1408-p476M,train/loss,127984,1.151852011680603
dna-bolinas-scaling-v0.5-h1408-p476M,train/loss,134720,1.1536251306533813
dna-bolinas-scaling-v0.5-h1408-p476M,train/loss,141456,1.1552783250808716
dna-bolinas-scaling-v0.5-h1408-p476M,train/loss,148192,1.1611539125442505
dna-bolinas-scaling-v0.5-h1408-p476M,train/loss,154928,1.1498003005981445
dna-bolinas-scaling-v0.5-h1408-p476M,train/loss,161664,1.1505060195922852
dna-bolinas-scaling-v0.5-h1408-p476M,train/loss,168400,1.156331181526184
dna-bolinas-scaling-v0.5-h1408-p476M,train/loss,175136,1.1471803188323975
dna-bolinas-scaling-v0.5-h1408-p476M,train/loss,181872,1.152435302734375
dna-bolinas-scaling-v0.5-h1408-p476M,train/loss,188608,1.1259733438491821
dna-bolinas-scaling-v0.5-h1408-p476M,train/loss,195344,1.1200759410858154
dna-bolinas-scaling-v0.5-h1408-p476M,train/loss,202080,1.1299841403961182
dna-bolinas-scaling-v0.5-h1408-p476M,train/loss,208816,1.1149468421936035
dna-bolinas-scaling-v0.5-h1408-p476M,train/loss,215552,1.10013747215271
dna-bolinas-scaling-v0.5-h1408-p476M,train/loss,215573,1.11039400100708
dna-bolinas-scaling-v0.5-h1920-p1B,eval/loss,0,2.3363590240478516
dna-bolinas-scaling-v0.5-h1920-p1B,eval/loss,6736,1.213973045349121
dna-bolinas-scaling-v0.5-h1920-p1B,eval/loss,13472,1.1838728189468384
dna-bolinas-scaling-v0.5-h1920-p1B,eval/loss,20208,1.1308797597885132
dna-bolinas-scaling-v0.5-h1920-p1B,eval/loss,26944,1.0552589893341064
dna-bolinas-scaling-v0.5-h1920-p1B,eval/loss,33680,1.0015783309936523
dna-bolinas-scaling-v0.5-h1920-p1B,eval/loss,40416,0.9574260115623474
dna-bolinas-scaling-v0.5-h1920-p1B,eval/loss,47152,0.9281252026557922
dna-bolinas-scaling-v0.5-h1920-p1B,eval/loss,53888,0.9073830246925354
dna-bolinas-scaling-v0.5-h1920-p1B,eval/loss,60624,0.8905235528945923
dna-bolinas-scaling-v0.5-h1920-p1B,eval/loss,67360,0.8766914010047913
dna-bolinas-scaling-v0.5-h1920-p1B,eval/loss,74096,0.8641642332077026
dna-bolinas-scaling-v0.5-h1920-p1B,eval/loss,80832,0.8528650999069214
dna-bolinas-scaling-v0.5-h1920-p1B,eval/loss,87568,0.8439682722091675
dna-bolinas-scaling-v0.5-h1920-p1B,eval/loss,94304,0.8359099626541138
dna-bolinas-scaling-v0.5-h1920-p1B,eval/loss,101040,0.8293179273605347
dna-bolinas-scaling-v0.5-h1920-p1B,eval/loss,107776,0.823572039604187
dna-bolinas-scaling-v0.5-h1920-p1B,eval/loss,114512,0.8177016377449036
dna-bolinas-scaling-v0.5-h1920-p1B,eval/loss,121248,0.811348557472229
dna-bolinas-scaling-v0.5-h1920-p1B,eval/loss,127984,0.8043869733810425
dna-bolinas-scaling-v0.5-h1920-p1B,eval/loss,134720,0.8000966310501099
dna-bolinas-scaling-v0.5-h1920-p1B,eval/loss,141456,0.8005463480949402
dna-bolinas-scaling-v0.5-h1920-p1B,eval/loss,148192,0.7938576936721802
dna-bolinas-scaling-v0.5-h1920-p1B,eval/loss,154928,0.7906525135040283
dna-bolinas-scaling-v0.5-h1920-p1B,eval/loss,161664,0.7869455218315125
dna-bolinas-scaling-v0.5-h1920-p1B,eval/loss,168400,0.7850780487060547
dna-bolinas-scaling-v0.5-h1920-p1B,eval/loss,175136,0.7753378748893738
dna-bolinas-scaling-v0.5-h1920-p1B,eval/loss,181872,0.7616437077522278
dna-bolinas-scaling-v0.5-h1920-p1B,eval/loss,188608,0.7477480173110962
dna-bolinas-scaling-v0.5-h1920-p1B,eval/loss,195344,0.7347085475921631
dna-bolinas-scaling-v0.5-h1920-p1B,eval/loss,202080,0.7201924920082092
dna-bolinas-scaling-v0.5-h1920-p1B,eval/loss,208816,0.7089684009552002
dna-bolinas-scaling-v0.5-h1920-p1B,eval/loss,215552,0.7022378444671631
dna-bolinas-scaling-v0.5-h1920-p1B,eval/loss,215573,0.702241837978363
dna-bolinas-scaling-v0.5-h1920-p1B,train/loss,0,2.2349536418914795
dna-bolinas-scaling-v0.5-h1920-p1B,train/loss,6736,1.3044884204864502
dna-bolinas-scaling-v0.5-h1920-p1B,train/loss,13472,1.2802425622940063
dna-bolinas-scaling-v0.5-h1920-p1B,train/loss,20208,1.2579518556594849
dna-bolinas-scaling-v0.5-h1920-p1B,train/loss,26944,1.2295325994491577
dna-bolinas-scaling-v0.5-h1920-p1B,train/loss,33680,1.2041256427764893
dna-bolinas-scaling-v0.5-h1920-p1B,train/loss,40416,1.194471001625061
dna-bolinas-scaling-v0.5-h1920-p1B,train/loss,47152,1.178899884223938
dna-bolinas-scaling-v0.5-h1920-p1B,train/loss,53888,1.1643465757369995
dna-bolinas-scaling-v0.5-h1920-p1B,train/loss,60624,1.1493310928344727
dna-bolinas-scaling-v0.5-h1920-p1B,train/loss,67360,1.1695473194122314
dna-bolinas-scaling-v0.5-h1920-p1B,train/loss,74096,1.1495585441589355
dna-bolinas-scaling-v0.5-h1920-p1B,train/loss,80832,1.1505992412567139
dna-bolinas-scaling-v0.5-h1920-p1B,train/loss,87568,1.142582893371582
dna-bolinas-scaling-v0.5-h1920-p1B,train/loss,94304,1.1439687013626099
dna-bolinas-scaling-v0.5-h1920-p1B,train/loss,101040,1.1375372409820557
dna-bolinas-scaling-v0.5-h1920-p1B,train/loss,107776,1.1380103826522827
dna-bolinas-scaling-v0.5-h1920-p1B,train/loss,114512,1.1267677545547485
dna-bolinas-scaling-v0.5-h1920-p1B,train/loss,121248,1.1329180002212524
dna-bolinas-scaling-v0.5-h1920-p1B,train/loss,127984,1.1164264678955078
dna-bolinas-scaling-v0.5-h1920-p1B,train/loss,134720,1.120078444480896
dna-bolinas-scaling-v0.5-h1920-p1B,train/loss,141456,1.123453140258789
dna-bolinas-scaling-v0.5-h1920-p1B,train/loss,148192,1.1287087202072144
dna-bolinas-scaling-v0.5-h1920-p1B,train/loss,154928,1.119046688079834
dna-bolinas-scaling-v0.5-h1920-p1B,train/loss,161664,1.1170039176940918
dna-bolinas-scaling-v0.5-h1920-p1B,train/loss,168400,1.1237436532974243
dna-bolinas-scaling-v0.5-h1920-p1B,train/loss,175136,1.1136524677276611
dna-bolinas-scaling-v0.5-h1920-p1B,train/loss,181872,1.1198837757110596
dna-bolinas-scaling-v0.5-h1920-p1B,train/loss,188608,1.087432622909546
dna-bolinas-scaling-v0.5-h1920-p1B,train/loss,195344,1.0829432010650635
dna-bolinas-scaling-v0.5-h1920-p1B,train/loss,202080,1.0938622951507568
dna-bolinas-scaling-v0.5-h1920-p1B,train/loss,208816,1.0805778503417969
dna-bolinas-scaling-v0.5-h1920-p1B,train/loss,215552,1.0612709522247314
dna-bolinas-scaling-v0.5-h1920-p1B,train/loss,215573,1.0713019371032715
dna-bolinas-scaling-v0.5-h2432-p2B,eval/loss,0,2.3224570751190186
dna-bolinas-scaling-v0.5-h2432-p2B,eval/loss,6736,1.2106083631515503
dna-bolinas-scaling-v0.5-h2432-p2B,eval/loss,13472,1.1638602018356323
dna-bolinas-scaling-v0.5-h2432-p2B,eval/loss,20208,1.0920202732086182
dna-bolinas-scaling-v0.5-h2432-p2B,eval/loss,26944,1.0083091259002686
dna-bolinas-scaling-v0.5-h2432-p2B,eval/loss,33680,0.9510349631309509
dna-bolinas-scaling-v0.5-h2432-p2B,eval/loss,40416,0.9091255068778992
dna-bolinas-scaling-v0.5-h2432-p2B,eval/loss,47152,0.8813797235488892
dna-bolinas-scaling-v0.5-h2432-p2B,eval/loss,53888,0.8612846732139587
dna-bolinas-scaling-v0.5-h2432-p2B,eval/loss,60624,0.8441026210784912
dna-bolinas-scaling-v0.5-h2432-p2B,eval/loss,67360,0.8299448490142822
dna-bolinas-scaling-v0.5-h2432-p2B,eval/loss,74096,0.8169004917144775
dna-bolinas-scaling-v0.5-h2432-p2B,eval/loss,80832,0.8037073612213135
dna-bolinas-scaling-v0.5-h2432-p2B,eval/loss,87568,0.7966683506965637
dna-bolinas-scaling-v0.5-h2432-p2B,eval/loss,94304,0.7871490120887756
dna-bolinas-scaling-v0.5-h2432-p2B,eval/loss,101040,0.7820606827735901
dna-bolinas-scaling-v0.5-h2432-p2B,eval/loss,107776,0.7750889658927917
dna-bolinas-scaling-v0.5-h2432-p2B,eval/loss,114512,0.7684917449951172
dna-bolinas-scaling-v0.5-h2432-p2B,eval/loss,121248,0.7610876560211182
dna-bolinas-scaling-v0.5-h2432-p2B,eval/loss,127984,0.7560346722602844
dna-bolinas-scaling-v0.5-h2432-p2B,eval/loss,134720,0.751305103302002
dna-bolinas-scaling-v0.5-h2432-p2B,eval/loss,141456,0.7500633001327515
dna-bolinas-scaling-v0.5-h2432-p2B,eval/loss,148192,0.7455689907073975
dna-bolinas-scaling-v0.5-h2432-p2B,eval/loss,154928,0.7413468360900879
dna-bolinas-scaling-v0.5-h2432-p2B,eval/loss,161664,0.7362251281738281
dna-bolinas-scaling-v0.5-h2432-p2B,eval/loss,168400,0.7347761988639832
dna-bolinas-scaling-v0.5-h2432-p2B,eval/loss,175136,0.7260357141494751
dna-bolinas-scaling-v0.5-h2432-p2B,eval/loss,181872,0.7120370864868164
dna-bolinas-scaling-v0.5-h2432-p2B,eval/loss,188608,0.6964648365974426
dna-bolinas-scaling-v0.5-h2432-p2B,eval/loss,195344,0.6818959712982178
dna-bolinas-scaling-v0.5-h2432-p2B,eval/loss,202080,0.6668642163276672
dna-bolinas-scaling-v0.5-h2432-p2B,eval/loss,208816,0.6553434133529663
dna-bolinas-scaling-v0.5-h2432-p2B,eval/loss,215552,0.6489002704620361
dna-bolinas-scaling-v0.5-h2432-p2B,eval/loss,215573,0.6488915681838989
dna-bolinas-scaling-v0.5-h2432-p2B,train/loss,0,2.5256805419921875
dna-bolinas-scaling-v0.5-h2432-p2B,train/loss,6736,1.3015655279159546
dna-bolinas-scaling-v0.5-h2432-p2B,train/loss,13472,1.2718253135681152
dna-bolinas-scaling-v0.5-h2432-p2B,train/loss,20208,1.242486596107483
dna-bolinas-scaling-v0.5-h2432-p2B,train/loss,26944,1.2086354494094849
dna-bolinas-scaling-v0.5-h2432-p2B,train/loss,33680,1.1826844215393066
dna-bolinas-scaling-v0.5-h2432-p2B,train/loss,40416,1.172486424446106
dna-bolinas-scaling-v0.5-h2432-p2B,train/loss,47152,1.1587462425231934
dna-bolinas-scaling-v0.5-h2432-p2B,train/loss,53888,1.1462712287902832
dna-bolinas-scaling-v0.5-h2432-p2B,train/loss,60624,1.1280508041381836
dna-bolinas-scaling-v0.5-h2432-p2B,train/loss,67360,1.1464054584503174
dna-bolinas-scaling-v0.5-h2432-p2B,train/loss,74096,1.1277046203613281
dna-bolinas-scaling-v0.5-h2432-p2B,train/loss,80832,1.1267507076263428
dna-bolinas-scaling-v0.5-h2432-p2B,train/loss,87568,1.1215726137161255
dna-bolinas-scaling-v0.5-h2432-p2B,train/loss,94304,1.1214607954025269
dna-bolinas-scaling-v0.5-h2432-p2B,train/loss,101040,1.1150926351547241
dna-bolinas-scaling-v0.5-h2432-p2B,train/loss,107776,1.1169452667236328
dna-bolinas-scaling-v0.5-h2432-p2B,train/loss,114512,1.1048156023025513
dna-bolinas-scaling-v0.5-h2432-p2B,train/loss,121248,1.1084649562835693
dna-bolinas-scaling-v0.5-h2432-p2B,train/loss,127984,1.0928205251693726
dna-bolinas-scaling-v0.5-h2432-p2B,train/loss,134720,1.0964123010635376
dna-bolinas-scaling-v0.5-h2432-p2B,train/loss,141456,1.0995512008666992
dna-bolinas-scaling-v0.5-h2432-p2B,train/loss,148192,1.1040353775024414
dna-bolinas-scaling-v0.5-h2432-p2B,train/loss,154928,1.0972681045532227
dna-bolinas-scaling-v0.5-h2432-p2B,train/loss,161664,1.094531774520874
dna-bolinas-scaling-v0.5-h2432-p2B,train/loss,168400,1.0983448028564453
dna-bolinas-scaling-v0.5-h2432-p2B,train/loss,175136,1.0903816223144531
dna-bolinas-scaling-v0.5-h2432-p2B,train/loss,181872,1.0970228910446167
dna-bolinas-scaling-v0.5-h2432-p2B,train/loss,188608,1.061907410621643
dna-bolinas-scaling-v0.5-h2432-p2B,train/loss,195344,1.0551509857177734
dna-bolinas-scaling-v0.5-h2432-p2B,train/loss,202080,1.0686616897583008
dna-bolinas-scaling-v0.5-h2432-p2B,train/loss,208816,1.055518388748169
dna-bolinas-scaling-v0.5-h2432-p2B,train/loss,215552,1.0318480730056763
dna-bolinas-scaling-v0.5-h2432-p2B,train/loss,215573,1.0433094501495361
dna-bolinas-scaling-v0.5-h2944-p4B,eval/loss,0,2.2842884063720703
dna-bolinas-scaling-v0.5-h2944-p4B,eval/loss,6736,1.2071295976638794
dna-bolinas-scaling-v0.5-h2944-p4B,eval/loss,13472,1.1518279314041138
dna-bolinas-scaling-v0.5-h2944-p4B,eval/loss,20208,1.0600477457046509
dna-bolinas-scaling-v0.5-h2944-p4B,eval/loss,26944,0.9778534770011902
dna-bolinas-scaling-v0.5-h2944-p4B,eval/loss,33680,0.9183434844017029
dna-bolinas-scaling-v0.5-h2944-p4B,eval/loss,40416,0.8777202367782593
dna-bolinas-scaling-v0.5-h2944-p4B,eval/loss,47152,0.8496549725532532
dna-bolinas-scaling-v0.5-h2944-p4B,eval/loss,53888,0.8255020976066589
dna-bolinas-scaling-v0.5-h2944-p4B,eval/loss,60624,0.8104478120803833
dna-bolinas-scaling-v0.5-h2944-p4B,eval/loss,67360,0.7967768907546997
dna-bolinas-scaling-v0.5-h2944-p4B,eval/loss,74096,0.7812063097953796
dna-bolinas-scaling-v0.5-h2944-p4B,eval/loss,80832,0.7690261602401733
dna-bolinas-scaling-v0.5-h2944-p4B,eval/loss,87568,0.7610751390457153
dna-bolinas-scaling-v0.5-h2944-p4B,eval/loss,94304,0.7516500353813171
dna-bolinas-scaling-v0.5-h2944-p4B,eval/loss,101040,0.7440438270568848
dna-bolinas-scaling-v0.5-h2944-p4B,eval/loss,107776,0.7387012839317322
dna-bolinas-scaling-v0.5-h2944-p4B,eval/loss,114512,0.7312338948249817
dna-bolinas-scaling-v0.5-h2944-p4B,eval/loss,121248,0.7247422337532043
dna-bolinas-scaling-v0.5-h2944-p4B,eval/loss,127984,0.718453049659729
dna-bolinas-scaling-v0.5-h2944-p4B,eval/loss,134720,0.7144052982330322
dna-bolinas-scaling-v0.5-h2944-p4B,eval/loss,141456,0.7117448449134827
dna-bolinas-scaling-v0.5-h2944-p4B,eval/loss,148192,0.7071284055709839
dna-bolinas-scaling-v0.5-h2944-p4B,eval/loss,154928,0.7018417716026306
dna-bolinas-scaling-v0.5-h2944-p4B,eval/loss,161664,0.6974278092384338
dna-bolinas-scaling-v0.5-h2944-p4B,eval/loss,168400,0.6961220502853394
dna-bolinas-scaling-v0.5-h2944-p4B,eval/loss,175136,0.684749960899353
dna-bolinas-scaling-v0.5-h2944-p4B,eval/loss,181872,0.6703208088874817
dna-bolinas-scaling-v0.5-h2944-p4B,train/loss,0,2.314582109451294
dna-bolinas-scaling-v0.5-h2944-p4B,train/loss,6736,1.3006199598312378
dna-bolinas-scaling-v0.5-h2944-p4B,train/loss,13472,1.2673150300979614
dna-bolinas-scaling-v0.5-h2944-p4B,train/loss,20208,1.2330641746520996
dna-bolinas-scaling-v0.5-h2944-p4B,train/loss,26944,1.1946256160736084
dna-bolinas-scaling-v0.5-h2944-p4B,train/loss,33680,1.1691999435424805
dna-bolinas-scaling-v0.5-h2944-p4B,train/loss,40416,1.158327341079712
dna-bolinas-scaling-v0.5-h2944-p4B,train/loss,47152,1.1443216800689697
dna-bolinas-scaling-v0.5-h2944-p4B,train/loss,53888,1.1308029890060425
dna-bolinas-scaling-v0.5-h2944-p4B,train/loss,60624,1.1121766567230225
dna-bolinas-scaling-v0.5-h2944-p4B,train/loss,67360,1.13225257396698
dna-bolinas-scaling-v0.5-h2944-p4B,train/loss,74096,1.1112055778503418
dna-bolinas-scaling-v0.5-h2944-p4B,train/loss,80832,1.1099042892456055
dna-bolinas-scaling-v0.5-h2944-p4B,train/loss,87568,1.1034104824066162
dna-bolinas-scaling-v0.5-h2944-p4B,train/loss,94304,1.1036686897277832
dna-bolinas-scaling-v0.5-h2944-p4B,train/loss,101040,1.0989179611206055
dna-bolinas-scaling-v0.5-h2944-p4B,train/loss,107776,1.1003339290618896
dna-bolinas-scaling-v0.5-h2944-p4B,train/loss,114512,1.0871399641036987
dna-bolinas-scaling-v0.5-h2944-p4B,train/loss,121248,1.089128017425537
dna-bolinas-scaling-v0.5-h2944-p4B,train/loss,127984,1.0724612474441528
dna-bolinas-scaling-v0.5-h2944-p4B,train/loss,134720,1.0794470310211182
dna-bolinas-scaling-v0.5-h2944-p4B,train/loss,141456,1.0824172496795654
dna-bolinas-scaling-v0.5-h2944-p4B,train/loss,148192,1.0852713584899902
dna-bolinas-scaling-v0.5-h2944-p4B,train/loss,154928,1.0774439573287964
dna-bolinas-scaling-v0.5-h2944-p4B,train/loss,161664,1.0757657289505005
dna-bolinas-scaling-v0.5-h2944-p4B,train/loss,168400,1.0797302722930908
dna-bolinas-scaling-v0.5-h2944-p4B,train/loss,175136,1.0727614164352417
dna-bolinas-scaling-v0.5-h2944-p4B,train/loss,181872,1.078916311264038
dna-bolinas-scaling-v0.5-h640-p46M,eval/loss,0,2.1616499423980713
dna-bolinas-scaling-v0.5-h640-p46M,eval/loss,6736,1.2291159629821777
dna-bolinas-scaling-v0.5-h640-p46M,eval/loss,13472,1.2069674730300903
dna-bolinas-scaling-v0.5-h640-p46M,eval/loss,20208,1.1981853246688843
dna-bolinas-scaling-v0.5-h640-p46M,eval/loss,26944,1.187333583831787
dna-bolinas-scaling-v0.5-h640-p46M,eval/loss,33680,1.1812419891357422
dna-bolinas-scaling-v0.5-h640-p46M,eval/loss,40416,1.1743084192276
dna-bolinas-scaling-v0.5-h640-p46M,eval/loss,47152,1.1670787334442139
dna-bolinas-scaling-v0.5-h640-p46M,eval/loss,53888,1.1602239608764648
dna-bolinas-scaling-v0.5-h640-p46M,eval/loss,60624,1.1548906564712524
dna-bolinas-scaling-v0.5-h640-p46M,eval/loss,67360,1.1511716842651367
dna-bolinas-scaling-v0.5-h640-p46M,eval/loss,74096,1.146302580833435
dna-bolinas-scaling-v0.5-h640-p46M,eval/loss,80832,1.1400964260101318
dna-bolinas-scaling-v0.5-h640-p46M,eval/loss,87568,1.1340411901474
dna-bolinas-scaling-v0.5-h640-p46M,eval/loss,94304,1.126458764076233
dna-bolinas-scaling-v0.5-h640-p46M,eval/loss,101040,1.126108169555664
dna-bolinas-scaling-v0.5-h640-p46M,eval/loss,107776,1.1237897872924805
dna-bolinas-scaling-v0.5-h640-p46M,eval/loss,114512,1.1207410097122192
dna-bolinas-scaling-v0.5-h640-p46M,eval/loss,121248,1.1150151491165161
dna-bolinas-scaling-v0.5-h640-p46M,eval/loss,127984,1.1137994527816772
dna-bolinas-scaling-v0.5-h640-p46M,eval/loss,134720,1.1092677116394043
dna-bolinas-scaling-v0.5-h640-p46M,eval/loss,141456,1.110431432723999
dna-bolinas-scaling-v0.5-h640-p46M,eval/loss,148192,1.108542561531067
dna-bolinas-scaling-v0.5-h640-p46M,eval/loss,154928,1.106807827949524
dna-bolinas-scaling-v0.5-h640-p46M,eval/loss,161664,1.0995826721191406
dna-bolinas-scaling-v0.5-h640-p46M,eval/loss,168400,1.0995502471923828
dna-bolinas-scaling-v0.5-h640-p46M,eval/loss,175136,1.0960414409637451
dna-bolinas-scaling-v0.5-h640-p46M,eval/loss,181872,1.089320421218872
dna-bolinas-scaling-v0.5-h640-p46M,eval/loss,188608,1.0845232009887695
dna-bolinas-scaling-v0.5-h640-p46M,eval/loss,195344,1.0802028179168701
dna-bolinas-scaling-v0.5-h640-p46M,eval/loss,202080,1.0737135410308838
dna-bolinas-scaling-v0.5-h640-p46M,eval/loss,208816,1.0698193311691284
dna-bolinas-scaling-v0.5-h640-p46M,eval/loss,215552,1.0666133165359497
dna-bolinas-scaling-v0.5-h640-p46M,eval/loss,215573,1.066625952720642
dna-bolinas-scaling-v0.5-h640-p46M,train/loss,0,2.240981101989746
dna-bolinas-scaling-v0.5-h640-p46M,train/loss,6736,1.3163902759552002
dna-bolinas-scaling-v0.5-h640-p46M,train/loss,13472,1.296309471130371
dna-bolinas-scaling-v0.5-h640-p46M,train/loss,20208,1.2934784889221191
dna-bolinas-scaling-v0.5-h640-p46M,train/loss,26944,1.2858706712722778
dna-bolinas-scaling-v0.5-h640-p46M,train/loss,33680,1.2824867963790894
dna-bolinas-scaling-v0.5-h640-p46M,train/loss,40416,1.282331943511963
dna-bolinas-scaling-v0.5-h640-p46M,train/loss,47152,1.2779905796051025
dna-bolinas-scaling-v0.5-h640-p46M,train/loss,53888,1.2718615531921387
dna-bolinas-scaling-v0.5-h640-p46M,train/loss,60624,1.265520453453064
dna-bolinas-scaling-v0.5-h640-p46M,train/loss,67360,1.276869773864746
dna-bolinas-scaling-v0.5-h640-p46M,train/loss,74096,1.2655688524246216
dna-bolinas-scaling-v0.5-h640-p46M,train/loss,80832,1.266715168952942
dna-bolinas-scaling-v0.5-h640-p46M,train/loss,87568,1.2605750560760498
dna-bolinas-scaling-v0.5-h640-p46M,train/loss,94304,1.2662010192871094
dna-bolinas-scaling-v0.5-h640-p46M,train/loss,101040,1.2624696493148804
dna-bolinas-scaling-v0.5-h640-p46M,train/loss,107776,1.26029634475708
dna-bolinas-scaling-v0.5-h640-p46M,train/loss,114512,1.2548454999923706
dna-bolinas-scaling-v0.5-h640-p46M,train/loss,121248,1.2596704959869385
dna-bolinas-scaling-v0.5-h640-p46M,train/loss,127984,1.252753496170044
dna-bolinas-scaling-v0.5-h640-p46M,train/loss,134720,1.2526711225509644
dna-bolinas-scaling-v0.5-h640-p46M,train/loss,141456,1.2558271884918213
dna-bolinas-scaling-v0.5-h640-p46M,train/loss,148192,1.2587252855300903
dna-bolinas-scaling-v0.5-h640-p46M,train/loss,154928,1.2547013759613037
dna-bolinas-scaling-v0.5-h640-p46M,train/loss,161664,1.2519230842590332
dna-bolinas-scaling-v0.5-h640-p46M,train/loss,168400,1.2535173892974854
dna-bolinas-scaling-v0.5-h640-p46M,train/loss,175136,1.252097249031067
dna-bolinas-scaling-v0.5-h640-p46M,train/loss,181872,1.2544804811477661
dna-bolinas-scaling-v0.5-h640-p46M,train/loss,188608,1.2394750118255615
dna-bolinas-scaling-v0.5-h640-p46M,train/loss,195344,1.2399133443832397
dna-bolinas-scaling-v0.5-h640-p46M,train/loss,202080,1.241800308227539
dna-bolinas-scaling-v0.5-h640-p46M,train/loss,208816,1.231069803237915
dna-bolinas-scaling-v0.5-h640-p46M,train/loss,215552,1.229299545288086
dna-bolinas-scaling-v0.5-h640-p46M,train/loss,215573,1.2389684915542603
dna-bolinas-scaling-v0.5-h768-p76M,eval/loss,0,2.283627986907959
dna-bolinas-scaling-v0.5-h768-p76M,eval/loss,6736,1.2257213592529297
dna-bolinas-scaling-v0.5-h768-p76M,eval/loss,13472,1.2037137746810913
dna-bolinas-scaling-v0.5-h768-p76M,eval/loss,20208,1.1944912672042847
dna-bolinas-scaling-v0.5-h768-p76M,eval/loss,26944,1.1795555353164673
dna-bolinas-scaling-v0.5-h768-p76M,eval/loss,33680,1.169735312461853
dna-bolinas-scaling-v0.5-h768-p76M,eval/loss,40416,1.156794786453247
dna-bolinas-scaling-v0.5-h768-p76M,eval/loss,47152,1.144957423210144
dna-bolinas-scaling-v0.5-h768-p76M,eval/loss,53888,1.1345715522766113
dna-bolinas-scaling-v0.5-h768-p76M,eval/loss,60624,1.125049114227295
dna-bolinas-scaling-v0.5-h768-p76M,eval/loss,67360,1.1197072267532349
dna-bolinas-scaling-v0.5-h768-p76M,eval/loss,74096,1.115512728691101
dna-bolinas-scaling-v0.5-h768-p76M,eval/loss,80832,1.1021729707717896
dna-bolinas-scaling-v0.5-h768-p76M,eval/loss,87568,1.098125696182251
dna-bolinas-scaling-v0.5-h768-p76M,eval/loss,94304,1.0887384414672852
dna-bolinas-scaling-v0.5-h768-p76M,eval/loss,101040,1.0875098705291748
dna-bolinas-scaling-v0.5-h768-p76M,eval/loss,107776,1.0853729248046875
dna-bolinas-scaling-v0.5-h768-p76M,eval/loss,114512,1.0810190439224243
dna-bolinas-scaling-v0.5-h768-p76M,eval/loss,121248,1.0770460367202759
dna-bolinas-scaling-v0.5-h768-p76M,eval/loss,127984,1.0751864910125732
dna-bolinas-scaling-v0.5-h768-p76M,eval/loss,134720,1.0690878629684448
dna-bolinas-scaling-v0.5-h768-p76M,eval/loss,141456,1.069822907447815
dna-bolinas-scaling-v0.5-h768-p76M,eval/loss,148192,1.0624992847442627
dna-bolinas-scaling-v0.5-h768-p76M,eval/loss,154928,1.0654901266098022
dna-bolinas-scaling-v0.5-h768-p76M,eval/loss,161664,1.060051679611206
dna-bolinas-scaling-v0.5-h768-p76M,eval/loss,168400,1.0583546161651611
dna-bolinas-scaling-v0.5-h768-p76M,eval/loss,175136,1.054832100868225
dna-bolinas-scaling-v0.5-h768-p76M,eval/loss,181872,1.0470446348190308
dna-bolinas-scaling-v0.5-h768-p76M,eval/loss,188608,1.0396589040756226
dna-bolinas-scaling-v0.5-h768-p76M,eval/loss,195344,1.0322093963623047
dna-bolinas-scaling-v0.5-h768-p76M,eval/loss,202080,1.023362398147583
dna-bolinas-scaling-v0.5-h768-p76M,eval/loss,208816,1.0175350904464722
dna-bolinas-scaling-v0.5-h768-p76M,eval/loss,215552,1.0139007568359375
dna-bolinas-scaling-v0.5-h768-p76M,eval/loss,215573,1.013919711112976
dna-bolinas-scaling-v0.5-h768-p76M,train/loss,0,2.4397451877593994
dna-bolinas-scaling-v0.5-h768-p76M,train/loss,6736,1.3130130767822266
dna-bolinas-scaling-v0.5-h768-p76M,train/loss,13472,1.2943482398986816
dna-bolinas-scaling-v0.5-h768-p76M,train/loss,20208,1.2899266481399536
dna-bolinas-scaling-v0.5-h768-p76M,train/loss,26944,1.282507061958313
dna-bolinas-scaling-v0.5-h768-p76M,train/loss,33680,1.2769142389297485
dna-bolinas-scaling-v0.5-h768-p76M,train/loss,40416,1.2750216722488403
dna-bolinas-scaling-v0.5-h768-p76M,train/loss,47152,1.2686160802841187
dna-bolinas-scaling-v0.5-h768-p76M,train/loss,53888,1.259781837463379
dna-bolinas-scaling-v0.5-h768-p76M,train/loss,60624,1.2520267963409424
dna-bolinas-scaling-v0.5-h768-p76M,train/loss,67360,1.265211582183838
dna-bolinas-scaling-v0.5-h768-p76M,train/loss,74096,1.2523086071014404
dna-bolinas-scaling-v0.5-h768-p76M,train/loss,80832,1.253619909286499
dna-bolinas-scaling-v0.5-h768-p76M,train/loss,87568,1.2466546297073364
dna-bolinas-scaling-v0.5-h768-p76M,train/loss,94304,1.2503280639648438
dna-bolinas-scaling-v0.5-h768-p76M,train/loss,101040,1.247788906097412
dna-bolinas-scaling-v0.5-h768-p76M,train/loss,107776,1.2456796169281006
dna-bolinas-scaling-v0.5-h768-p76M,train/loss,114512,1.23838472366333
dna-bolinas-scaling-v0.5-h768-p76M,train/loss,121248,1.245821237564087
dna-bolinas-scaling-v0.5-h768-p76M,train/loss,127984,1.2380720376968384
dna-bolinas-scaling-v0.5-h768-p76M,train/loss,134720,1.236649513244629
dna-bolinas-scaling-v0.5-h768-p76M,train/loss,141456,1.2412748336791992
dna-bolinas-scaling-v0.5-h768-p76M,train/loss,148192,1.2434996366500854
dna-bolinas-scaling-v0.5-h768-p76M,train/loss,154928,1.2361047267913818
dna-bolinas-scaling-v0.5-h768-p76M,train/loss,161664,1.2364078760147095
dna-bolinas-scaling-v0.5-h768-p76M,train/loss,168400,1.2374536991119385
dna-bolinas-scaling-v0.5-h768-p76M,train/loss,175136,1.235605001449585
dna-bolinas-scaling-v0.5-h768-p76M,train/loss,181872,1.2393836975097656
dna-bolinas-scaling-v0.5-h768-p76M,train/loss,188608,1.2211806774139404
dna-bolinas-scaling-v0.5-h768-p76M,train/loss,195344,1.2192374467849731
dna-bolinas-scaling-v0.5-h768-p76M,train/loss,202080,1.224113941192627
dna-bolinas-scaling-v0.5-h768-p76M,train/loss,208816,1.2102539539337158
dna-bolinas-scaling-v0.5-h768-p76M,train/loss,215552,1.2081458568572998
dna-bolinas-scaling-v0.5-h768-p76M,train/loss,215573,1.2175589799880981
dna-bolinas-scaling-v0.5-h896-p128M,eval/loss,0,1.8298648595809937
dna-bolinas-scaling-v0.5-h896-p128M,eval/loss,6736,1.2206401824951172
dna-bolinas-scaling-v0.5-h896-p128M,eval/loss,13472,1.1992137432098389
dna-bolinas-scaling-v0.5-h896-p128M,eval/loss,20208,1.1857869625091553
dna-bolinas-scaling-v0.5-h896-p128M,eval/loss,26944,1.1686137914657593
dna-bolinas-scaling-v0.5-h896-p128M,eval/loss,33680,1.1498979330062866
dna-bolinas-scaling-v0.5-h896-p128M,eval/loss,40416,1.127415657043457
dna-bolinas-scaling-v0.5-h896-p128M,eval/loss,47152,1.105824589729309
dna-bolinas-scaling-v0.5-h896-p128M,eval/loss,53888,1.089571475982666
dna-bolinas-scaling-v0.5-h896-p128M,eval/loss,60624,1.0761187076568604
dna-bolinas-scaling-v0.5-h896-p128M,eval/loss,67360,1.0652004480361938
dna-bolinas-scaling-v0.5-h896-p128M,eval/loss,74096,1.0566107034683228
dna-bolinas-scaling-v0.5-h896-p128M,eval/loss,80832,1.0436660051345825
dna-bolinas-scaling-v0.5-h896-p128M,eval/loss,87568,1.0361363887786865
dna-bolinas-scaling-v0.5-h896-p128M,eval/loss,94304,1.027448296546936
dna-bolinas-scaling-v0.5-h896-p128M,eval/loss,101040,1.0221095085144043
dna-bolinas-scaling-v0.5-h896-p128M,eval/loss,107776,1.0181941986083984
dna-bolinas-scaling-v0.5-h896-p128M,eval/loss,114512,1.0119320154190063
dna-bolinas-scaling-v0.5-h896-p128M,eval/loss,121248,1.0055062770843506
dna-bolinas-scaling-v0.5-h896-p128M,eval/loss,127984,1.002419114112854
dna-bolinas-scaling-v0.5-h896-p128M,eval/loss,134720,0.997830331325531
dna-bolinas-scaling-v0.5-h896-p128M,eval/loss,141456,0.9957103729248047
dna-bolinas-scaling-v0.5-h896-p128M,eval/loss,148192,0.9899076819419861
dna-bolinas-scaling-v0.5-h896-p128M,eval/loss,154928,0.9874265193939209
dna-bolinas-scaling-v0.5-h896-p128M,eval/loss,161664,0.9859798550605774
dna-bolinas-scaling-v0.5-h896-p128M,eval/loss,168400,0.984855592250824
dna-bolinas-scaling-v0.5-h896-p128M,eval/loss,175136,0.9783657193183899
dna-bolinas-scaling-v0.5-h896-p128M,eval/loss,181872,0.9677774310112
dna-bolinas-scaling-v0.5-h896-p128M,eval/loss,188608,0.9572510719299316
dna-bolinas-scaling-v0.5-h896-p128M,eval/loss,195344,0.9486831426620483
dna-bolinas-scaling-v0.5-h896-p128M,eval/loss,202080,0.9385645389556885
dna-bolinas-scaling-v0.5-h896-p128M,eval/loss,208816,0.9305158257484436
dna-bolinas-scaling-v0.5-h896-p128M,eval/loss,215552,0.9259413480758667
dna-bolinas-scaling-v0.5-h896-p128M,eval/loss,215573,0.9259388446807861
dna-bolinas-scaling-v0.5-h896-p128M,train/loss,0,2.0197601318359375
dna-bolinas-scaling-v0.5-h896-p128M,train/loss,6736,1.3095895051956177
dna-bolinas-scaling-v0.5-h896-p128M,train/loss,13472,1.2911299467086792
dna-bolinas-scaling-v0.5-h896-p128M,train/loss,20208,1.284438967704773
dna-bolinas-scaling-v0.5-h896-p128M,train/loss,26944,1.276602029800415
dna-bolinas-scaling-v0.5-h896-p128M,train/loss,33680,1.2675858736038208
dna-bolinas-scaling-v0.5-h896-p128M,train/loss,40416,1.2631490230560303
dna-bolinas-scaling-v0.5-h896-p128M,train/loss,47152,1.2529622316360474
dna-bolinas-scaling-v0.5-h896-p128M,train/loss,53888,1.2399972677230835
dna-bolinas-scaling-v0.5-h896-p128M,train/loss,60624,1.2285685539245605
dna-bolinas-scaling-v0.5-h896-p128M,train/loss,67360,1.242347240447998
dna-bolinas-scaling-v0.5-h896-p128M,train/loss,74096,1.2290085554122925
dna-bolinas-scaling-v0.5-h896-p128M,train/loss,80832,1.2305177450180054
dna-bolinas-scaling-v0.5-h896-p128M,train/loss,87568,1.222450613975525
dna-bolinas-scaling-v0.5-h896-p128M,train/loss,94304,1.2251501083374023
dna-bolinas-scaling-v0.5-h896-p128M,train/loss,101040,1.2215245962142944
dna-bolinas-scaling-v0.5-h896-p128M,train/loss,107776,1.2194464206695557
dna-bolinas-scaling-v0.5-h896-p128M,train/loss,114512,1.2105132341384888
dna-bolinas-scaling-v0.5-h896-p128M,train/loss,121248,1.218658208847046
dna-bolinas-scaling-v0.5-h896-p128M,train/loss,127984,1.2078243494033813
dna-bolinas-scaling-v0.5-h896-p128M,train/loss,134720,1.2063530683517456
dna-bolinas-scaling-v0.5-h896-p128M,train/loss,141456,1.2093724012374878
dna-bolinas-scaling-v0.5-h896-p128M,train/loss,148192,1.2150603532791138
dna-bolinas-scaling-v0.5-h896-p128M,train/loss,154928,1.2052772045135498
dna-bolinas-scaling-v0.5-h896-p128M,train/loss,161664,1.2062275409698486
dna-bolinas-scaling-v0.5-h896-p128M,train/loss,168400,1.2093005180358887
dna-bolinas-scaling-v0.5-h896-p128M,train/loss,175136,1.2052276134490967
dna-bolinas-scaling-v0.5-h896-p128M,train/loss,181872,1.2082586288452148
dna-bolinas-scaling-v0.5-h896-p128M,train/loss,188608,1.1872529983520508
dna-bolinas-scaling-v0.5-h896-p128M,train/loss,195344,1.1856818199157715
dna-bolinas-scaling-v0.5-h896-p128M,train/loss,202080,1.1907122135162354
dna-bolinas-scaling-v0.5-h896-p128M,train/loss,208816,1.1760129928588867
dna-bolinas-scaling-v0.5-h896-p128M,train/loss,215552,1.1699612140655518
dna-bolinas-scaling-v0.5-h896-p128M,train/loss,215573,1.179714560508728
